Industry In,2018,2019,2020,2021
AI,0.0,31000000.0,7580000.0,0.0
AI & Tech,0.0,20000000.0,0.0,0.0
AI Chatbot,0.0,0.0,0.0,7500000.0
AI Company,0.0,0.0,6000000.0,0.0
AI Platform,0.0,0.0,8000000.0,0.0
AI company,0.0,0.0,0.0,5000000.0
AI startup,0.0,0.0,155600000.0,44700000.0
API platform,0.0,0.0,4050000.0,0.0
AR platform,0.0,0.0,7000000.0,0.0
AR startup,0.0,0.0,800000.0,0.0
AR/VR startup,0.0,0.0,1000000.0,0.0
Accomodation,0.0,12700000.0,0.0,0.0
"Accounting, Apps, FinTech",48000000.0,0.0,0.0,0.0
"Accounting, Business Information Systems, Business Travel, Finance, SaaS",1100000.0,0.0,0.0,0.0
Advertisement,0.0,0.0,0.0,1800000.0
"Advertising, Human Resources, Marketing",528000.0,0.0,0.0,0.0
"Advertising, Internet, Marketing",120000.0,0.0,0.0,0.0
Aeorspace,0.0,0.0,0.0,1800000.0
Aerospace,240000000.0,0.0,0.0,0.0
"AgTech, B2B, Supply Chain Management",30000000.0,0.0,0.0,0.0
Agri tech,0.0,0.0,500000.0,0.0
AgriTech,0.0,21300000.0,213600000.0,202100000.0
Agriculture,0.0,0.0,20000000.0,0.0
"Agriculture, AgTech, Artificial Intelligence, Internet of Things, Machine Learning",120000.0,0.0,0.0,0.0
"Agriculture, Farming",480000.0,0.0,0.0,0.0
"Agriculture, Mobile",6960000.0,0.0,0.0,0.0
Agritech,0.0,0.0,45329000.0,0.0
Agritech startup,0.0,0.0,5060000.0,0.0
"Air Transportation, Freight Service, Logistics, Marine Transportation",6000000.0,0.0,0.0,0.0
Analytics,0.0,0.0,0.0,4000000.0
"Analytics, Apps, Market Research",1100000.0,0.0,0.0,0.0
"Analytics, Audio, Digital Media, Innovation Management, Internet Radio, Media and Entertainment",230400.0,0.0,0.0,0.0
"Analytics, Computer Vision, Enterprise Software, Machine Learning, Natural Language Processing, Speech Recognition",300000.0,0.0,0.0,0.0
"Android, Big Data, Blockchain, Cloud Computing, EdTech, Education, Information Technology, iOS, Training, Web Development",2000000.0,0.0,0.0,0.0
Apparel & Fashion,0.0,0.0,0.0,23200000.0
"Apps, Beauty, Consumer, Retail",360000.0,0.0,0.0,0.0
"Apps, E-Commerce, Internet",11000000.0,0.0,0.0,0.0
"Apps, E-Commerce, Internet, Mobile, Ride Sharing, Transportation",50000000.0,0.0,0.0,0.0
"Apps, Events, News",1000000.0,0.0,0.0,0.0
"Apps, Financial Services, FinTech",1000000.0,0.0,0.0,0.0
"Apps, Fitness, Health Care, mHealth",6000000.0,0.0,0.0,0.0
"Apps, Health Care, Internet, Mobile Apps, Personal Health",300000.0,0.0,0.0,0.0
"Apps, Health Care, Pharmaceutical",105000.0,0.0,0.0,0.0
"Apps, Home Services, Information Services, Information Technology",50000000.0,0.0,0.0,0.0
"Apps, Information Services, Information Technology",7800000.0,0.0,0.0,0.0
"Apps, Messaging, Navigation, Public Safety",1700000.0,0.0,0.0,0.0
"Apps, Mobile, Transportation",1000000.0,0.0,0.0,0.0
"Apps, Payments, Retail",4080000.0,0.0,0.0,0.0
Artificial Intelligence,100000.0,0.0,0.0,0.0
"Artificial Intelligence, Cloud Computing, Video",4104000.0,0.0,0.0,0.0
"Artificial Intelligence, Computer, Machine Learning",1100000.0,0.0,0.0,0.0
"Artificial Intelligence, Drones, Navigation, Packaging Services, Robotics",20000.0,0.0,0.0,0.0
"Artificial Intelligence, Energy, Oil and Gas",3300000.0,0.0,0.0,0.0
"Artificial Intelligence, Human Resources, Information Services, Information Technology",2000000.0,0.0,0.0,0.0
"Artificial Intelligence, Information Technology",14400.0,0.0,0.0,0.0
"Artificial Intelligence, Machine Learning, PaaS",550000.0,0.0,0.0,0.0
"Audio, Mobile, Tourism, Travel",800000.0,0.0,0.0,0.0
Automation,0.0,0.0,90410000.0,400000.0
Automobile,0.0,126000000.0,11241000.0,0.0
Automobile & Technology,0.0,5000000.0,0.0,0.0
Automobile Technology,0.0,0.0,14700000.0,0.0
Automobiles,0.0,0.0,39000000.0,0.0
Automotive,1020000.0,0.0,55000000.0,1154400000.0
Automotive and Rentals,0.0,0.0,202500000.0,0.0
Automotive tech,0.0,52000000.0,0.0,0.0
"Automotive, Battery, Electric Vehicle, Manufacturing, Mechanical Design",65000000.0,0.0,0.0,0.0
"Automotive, E-Commerce",1000000.0,0.0,0.0,0.0
"Automotive, E-Commerce Platforms, Marketplace",30000000.0,0.0,0.0,0.0
"Automotive, E-Commerce, Information Services",75000000.0,0.0,0.0,0.0
"Automotive, E-Commerce, Marketplace",2000000.0,0.0,0.0,0.0
"Automotive, E-Commerce, Mobile",600000.0,0.0,0.0,0.0
"Automotive, Electric Vehicle, Energy",364846.0,0.0,0.0,0.0
"Automotive, Electric Vehicle, Energy Storage",720.0,0.0,0.0,0.0
"Automotive, Last Mile Transportation, Peer to Peer, Ride Sharing",10000000.0,0.0,0.0,0.0
"Automotive, Marketplace, Online Portals",2000000.0,0.0,0.0,0.0
"Automotive, Rental, Sharing Economy",100000000.0,0.0,0.0,0.0
"Automotive, Retail",840000.0,0.0,0.0,0.0
"Automotive, Search Engine, Service Industry",1200000.0,0.0,0.0,0.0
Autonomous Vehicles,768000.0,0.0,0.0,0.0
"Autonomous Vehicles, Last Mile Transportation, Recreational Vehicles, Rental",3000000.0,0.0,0.0,0.0
Aviation,0.0,0.0,0.0,3000000.0
Aviation & Aerospace,0.0,0.0,0.0,500000.0
Ayurveda tech,0.0,0.0,2000000.0,0.0
B2B,0.0,4000000.0,0.0,30000000.0
B2B Agritech,0.0,0.0,10000000.0,0.0
B2B E-commerce,0.0,0.0,0.0,51000000.0
B2B Ecommerce,0.0,0.0,0.0,85000000.0
B2B Manufacturing,0.0,0.0,0.0,2600000.0
B2B Travel,0.0,0.0,0.0,2200000.0
B2B service,0.0,0.0,0.0,300000.0
B2B startup,0.0,0.0,0.0,30000000.0
"B2B, Biometrics, Cyber Security, Fraud Detection, SaaS, Security",10000.0,0.0,0.0,0.0
"B2B, Business Development, Internet, Marketplace",225000000.0,0.0,0.0,0.0
"B2B, E-Commerce, Mobile",23000000.0,0.0,0.0,0.0
"B2B, Farming, Marketplace",500000.0,0.0,0.0,0.0
"B2B, Food and Beverage, Food Delivery",4500000.0,0.0,0.0,0.0
"B2B, Information Services, Information Technology",1000000.0,0.0,0.0,0.0
"B2B, Marketplace",700000.0,0.0,0.0,0.0
"B2B, Medical Device",5000000.0,0.0,0.0,0.0
Banking,0.0,33000000.0,0.0,130000000.0
"Banking, E-Learning, Trading Platform",240000.0,0.0,0.0,0.0
"Banking, Finance, Financial Services",104300000.0,0.0,0.0,0.0
"Banking, Finance, Financial Services, Non Profit",30000000.0,0.0,0.0,0.0
"Banking, Financial Services, FinTech",1680000.0,0.0,0.0,0.0
"Banking, Financial Services, Internet",5000000.0,0.0,0.0,0.0
"Basketball, Cricket, Cycling, eSports, Fitness, Golf, Health Care, Hockey, Sports, Swimming, Table Tennis, Volley Ball",1000000.0,0.0,0.0,0.0
"Battery, Electric Vehicle, Energy, Renewable Energy, Transportation",250000.0,0.0,0.0,0.0
Beauty products,0.0,0.0,0.0,20000000.0
"Beauty, Cosmetics, Health Care, Service Industry",60000.0,0.0,0.0,0.0
"Beauty, Fashion, Wellness",13560000.0,0.0,0.0,0.0
"Beauty, Fitness, Home Services, Internet",3240000.0,0.0,0.0,0.0
Beverage,0.0,0.0,20000000.0,0.0
"Big Data, Business Intelligence, Financial Services, FinTech, Personal Finance",1000000.0,0.0,0.0,0.0
"Big Data, Consumer Lending, FinTech",13400000.0,0.0,0.0,0.0
"Big Data, Data Visualization, Logistics, Software",4000000.0,0.0,0.0,0.0
"Big Data, EdTech, Machine Learning",180000.0,0.0,0.0,0.0
"Big Data, Financial Services, Machine Learning, Predictive Analytics",2000000.0,0.0,0.0,0.0
BioTechnology,0.0,0.0,0.0,200000000.0
Biomaterial startup,0.0,0.0,1400000.0,0.0
Biopharma,100000000.0,0.0,0.0,0.0
Biotechnology,3600000.0,0.0,0.0,14200000.0
Biotechnology company,0.0,0.0,600000.0,0.0
"Biotechnology, Health Care, Pharmaceutical",35000000.0,0.0,0.0,0.0
"Biotechnology, Life Science, Pharmaceutical, Product Research",9000000.0,0.0,0.0,0.0
Blockchain,0.0,0.0,0.0,3200000.0
Blockchain startup,0.0,0.0,750000.0,3300000.0
"Blockchain, Developer Tools, Enterprise Software",1000000.0,0.0,0.0,0.0
Blogging,0.0,0.0,0.0,4100000.0
"Brand Marketing, Event Promotion, Marketing, Sponsorship, Ticketing",250000.0,0.0,0.0,0.0
"Broadcasting, Media and Entertainment, Music, Music Streaming, Video, Video Streaming",240000.0,0.0,0.0,0.0
"Business Development, Market Research, Outsourcing",600000.0,0.0,0.0,0.0
"Business Intelligence, Customer Service, Market Research, SaaS",500000.0,0.0,0.0,0.0
Business Supplies & Equipment,0.0,0.0,0.0,300000.0
Cannabis startup,0.0,0.0,0.0,200000.0
Capital Markets,0.0,0.0,0.0,6600000.0
Car Trade,0.0,0.0,42500000.0,0.0
"Career Planning, Education, Higher Education, Service Industry",3000000.0,0.0,0.0,0.0
"Catering, Food and Beverage, Food Delivery, Food Processing",1000000.0,0.0,0.0,0.0
Celebrity Engagement,0.0,0.0,0.0,1000000.0
"Children, Education, Parenting",600000.0,0.0,0.0,0.0
"Classifieds, Internet, Marketplace, Rental Property",6600000.0,0.0,0.0,0.0
"Clean Energy, CleanTech, Laundry and Dry-cleaning",480000.0,0.0,0.0,0.0
CleanTech,240000.0,0.0,18000000.0,0.0
Cleantech,0.0,0.0,6000000.0,0.0
Clothing,0.0,0.0,0.0,50000000.0
"Cloud Computing, Computer, SaaS, Software",500000.0,0.0,0.0,0.0
"Cloud Computing, Enterprise Software, Network Hardware, Network Security, SaaS",240000.0,0.0,0.0,0.0
"Cloud Infrastructure, PaaS, SaaS",1600000.0,0.0,0.0,0.0
Cloud Kitchen,0.0,0.0,1000000.0,0.0
Cloud kitchen,0.0,0.0,0.0,175000000.0
Co-living,0.0,0.0,56000000.0,0.0
Co-working,0.0,0.0,0.0,500000.0
Co-working Startup,0.0,0.0,1000000.0,0.0
"Collaboration, Communities, Coworking, Real Estate",4000000.0,0.0,0.0,0.0
"Collaboration, Communities, Coworking, Sharing Economy",500000.0,0.0,0.0,0.0
Commerce,0.0,0.0,0.0,1000000.0
"Commercial Real Estate, Coworking, Office Administration, Real Estate",15000000.0,0.0,0.0,0.0
"Commercial, E-Learning, Education",480000.0,0.0,0.0,0.0
"Communities, Leisure, Mobile Apps, Software",540000.0,0.0,0.0,0.0
Community,0.0,0.0,0.0,810000.0
Community platform,0.0,0.0,0.0,26000000.0
Computer & Network Security,0.0,0.0,0.0,7000000.0
Computer Software,0.0,0.0,0.0,138600000.0
Computer software,0.0,0.0,0.0,235550000.0
"Computer, Digital Marketing, Facilities Support Services, Graphic Design, Internet, Mobile Apps, Social Media Marketing, Web Development",250000.0,0.0,0.0,0.0
"Computer, FinTech, Risk Management, Software",2880000.0,0.0,0.0,0.0
"Computer, Furniture, Software",2520000.0,0.0,0.0,0.0
Construction,0.0,0.0,2200000.0,225550000.0
Consulting,300000.0,0.0,0.0,16950000.0
"Consulting, Cyber Security, Network Security",5000000.0,0.0,0.0,0.0
"Consulting, Retail, Social",4000000.0,0.0,0.0,0.0
Consumer,1800000.0,0.0,0.0,0.0
"Consumer Electronics, E-Commerce, E-Commerce Platforms, Electronics, Shipping, Shopping",180000.0,0.0,0.0,0.0
Consumer Goods,384000.0,0.0,0.0,52360000.0
"Consumer Goods, Manufacturing",22000000.0,0.0,0.0,0.0
"Consumer Lending, FinTech",900000.0,0.0,0.0,0.0
"Consumer Lending, Finance, FinTech",600000.0,0.0,0.0,0.0
"Consumer Lending, Financial Services, FinTech, Insurance, Lending, Mobile Payments, Payments, Wealth Management",2880000.0,0.0,0.0,0.0
Consumer Services,0.0,0.0,0.0,51200000.0
Consumer appliances,0.0,0.0,9000000.0,0.0
"Consumer, Financial Services, FinTech",1000000.0,0.0,0.0,0.0
Content Marktplace,0.0,0.0,306900.0,0.0
Content management,0.0,0.0,3500000.0,0.0
Content marketplace,0.0,0.0,4200000.0,0.0
Content publishing,0.0,0.0,0.0,1000000.0
"Continuing Education, EdTech, Education, Skill Assessment",40000000.0,0.0,0.0,0.0
Conversational AI platform,0.0,0.0,1500000.0,0.0
"Cooking, E-Commerce, Food and Beverage, Food Delivery, Online Portals",1760000.0,0.0,0.0,0.0
Cosmetics,0.0,30000000.0,7000000.0,44900000.0
"Creative Agency, Crowdfunding, EdTech, Health Care, Internet, Medical, Non Profit, Personal Health",2000000.0,0.0,0.0,0.0
"Credit Cards, Payments, Property Insurance, Property Management, Rental Property",100000.0,0.0,0.0,0.0
"Credit, Finance, FinTech, Lending, Sales Automation",30000000.0,0.0,0.0,0.0
"Credit, Financial Services, FinTech, Lending",2400000.0,0.0,0.0,0.0
"Credit, Financial Services, FinTech, Personal Finance",100000.0,0.0,0.0,0.0
"Credit, Financial Services, Lending, Marketplace",780000.0,0.0,0.0,0.0
"Crowdfunding, Finance, Financial Services",1800000.0,0.0,0.0,0.0
"Crowdfunding, Financial Services, Internet",720000.0,0.0,0.0,0.0
Crowdsourcing,0.0,0.0,1000000.0,0.0
"Crowdsourcing, Financial Services, Funding Platform, Venture Capital",3500000.0,0.0,0.0,0.0
Crypto,0.0,0.0,0.0,261500000.0
Cryptocurrency,0.0,0.0,0.0,15000000.0
"Cryptocurrency, Trading Platform",1440000.0,0.0,0.0,0.0
"Customer Service, Information Technology, Internet, Sales Automation",3000000.0,0.0,0.0,0.0
"Customer Service, Messaging, Mobile Apps, Personalization",840000.0,0.0,0.0,0.0
Customer service company,0.0,0.0,30000000.0,0.0
Cybersecurity,0.0,4000000.0,0.0,0.0
D2C,0.0,0.0,0.0,171000000.0
D2C Business,0.0,0.0,0.0,150000000.0
Dairy,0.0,0.0,400000.0,0.0
Dairy startup,0.0,0.0,25000000.0,0.0
Data Analytics,0.0,0.0,4000000.0,0.0
Data Intelligence,0.0,0.0,1200000.0,0.0
Dating,0.0,0.0,0.0,2010000.0
Dating app,0.0,0.0,110000.0,0.0
"Dating, Private Social Networking",40000.0,0.0,0.0,0.0
Deep Tech,0.0,0.0,1050000.0,850000.0
Deeptech,0.0,0.0,1500000.0,10600000.0
Defense tech,0.0,0.0,1000000.0,0.0
"Delivery Service, Food and Beverage, Food Delivery",25000000.0,0.0,0.0,0.0
"Delivery Service, Logistics, Service Industry",396000.0,0.0,0.0,0.0
Delivery service,0.0,0.0,0.0,40000000.0
"Delivery, Information Technology, Mobile Apps",4500000.0,0.0,0.0,0.0
"Delivery, Logistics, Transportation",7200000.0,0.0,0.0,0.0
"Dental, Elder Care, Health Care, Home Health Care, Personal Health",200000.0,0.0,0.0,0.0
Design,0.0,0.0,0.0,2000000.0
"Dietary Supplements, Food and Beverage, Health Care, Organic Food, Snack Food",600000.0,0.0,0.0,0.0
Digital Entertainment,3000000.0,0.0,0.0,0.0
"Digital Entertainment, Fantasy Sports, Sports",5000000.0,0.0,0.0,0.0
"Digital Entertainment, Mobile, PC Games",3530000.0,0.0,0.0,0.0
"Digital Marketing, SEM, SEO, Web Development",1200.0,0.0,0.0,0.0
Digital Media,1500000.0,0.0,1500000.0,0.0
"Digital Media, EBooks, Publishing, Reading Apps",4300000.0,0.0,0.0,0.0
"Digital Media, Incubators, Social Entrepreneurship",50000.0,0.0,0.0,0.0
"Digital Media, Internet, Media and Entertainment, Online Portals, Social Media",15000.0,0.0,0.0,0.0
"Digital Media, News, Publishing",418800.0,0.0,0.0,0.0
Drone,0.0,0.0,0.0,1000000.0
E-Commerce,12500000.0,0.0,0.0,0.0
"E-Commerce, E-Commerce Platforms, Furniture, Home Decor, Internet",5600000.0,0.0,0.0,0.0
"E-Commerce, E-Commerce Platforms, Internet, Mobile Apps, Social Media",50000000.0,0.0,0.0,0.0
"E-Commerce, E-Commerce Platforms, Internet, Retail",11000000.0,0.0,0.0,0.0
"E-Commerce, E-Commerce Platforms, Retail",16920000.0,0.0,0.0,0.0
"E-Commerce, Fashion, Jewelry, Retail",1000000.0,0.0,0.0,0.0
"E-Commerce, Fashion, Lifestyle",7200000.0,0.0,0.0,0.0
"E-Commerce, Fashion, Mobile",1000000.0,0.0,0.0,0.0
"E-Commerce, Fitness, Health Care",10000000.0,0.0,0.0,0.0
"E-Commerce, Food and Beverage, Internet",7000000.0,0.0,0.0,0.0
"E-Commerce, Food and Beverage, Tea",2500000.0,0.0,0.0,0.0
"E-Commerce, Furniture, Home Decor, Interior Design, Internet",1000000.0,0.0,0.0,0.0
"E-Commerce, Furniture, Interior Design",70000000.0,0.0,0.0,0.0
"E-Commerce, Health Care, Retail",4000000.0,0.0,0.0,0.0
"E-Commerce, Mobile, Retail",2000000.0,0.0,0.0,0.0
"E-Commerce, Mobile, Sharing Economy",1000000.0,0.0,0.0,0.0
"E-Commerce, Retail, Shopping",15000000.0,0.0,0.0,0.0
E-Learning,10150000.0,0.0,0.0,0.0
"E-Learning, EdTech, Education",192000.0,0.0,0.0,0.0
"E-Learning, EdTech, Education, Image Recognition, Machine Learning, STEM Education",420000.0,0.0,0.0,0.0
"E-Learning, Education",550000.0,0.0,0.0,0.0
"E-Learning, Internet",120000.0,0.0,0.0,0.0
E-Sports,0.0,100000.0,0.0,0.0
E-commerce,0.0,288000000.0,211875000.0,410645000.0
E-connect,0.0,0.0,2000000.0,0.0
E-learning,0.0,0.0,0.0,292335000.0
E-market,0.0,0.0,336000000.0,0.0
E-marketplace,0.0,150000.0,0.0,0.0
E-tail,0.0,0.0,43700000.0,0.0
EV,0.0,0.0,0.0,3000000.0
EV startup,0.0,0.0,6000000.0,900000.0
Ecommerce,0.0,6300000.0,17193000.0,0.0
EdTech,0.0,0.0,205960000.0,850030000.0
EdTech Startup,0.0,0.0,8550000.0,0.0
"EdTech, Education",1440000.0,0.0,0.0,0.0
"EdTech, Education, Enterprise Software, Peer to Peer",150000.0,0.0,0.0,0.0
"EdTech, Education, Higher Education, Secondary Education",540000000.0,0.0,0.0,0.0
"EdTech, Education, Information Services, SaaS",3980000.0,0.0,0.0,0.0
"EdTech, Education, Knowledge Management",35000000.0,0.0,0.0,0.0
"EdTech, Education, Mobile, Tutoring",11000000.0,0.0,0.0,0.0
EdtTech,0.0,0.0,28000000.0,0.0
Edtech,0.0,736182700.0,511717530.0,0.0
Education,1660000.0,0.0,0.0,3000000.0
Education Management,0.0,0.0,0.0,19000000.0
"Education, Financial Services, FinTech",250000.0,0.0,0.0,0.0
"Education, Gaming, Training",500000.0,0.0,0.0,0.0
"Education, Information Technology, Internet, Mobile, Software",1200.0,0.0,0.0,0.0
Electricity,0.0,0.0,7000000.0,0.0
Electronics,0.0,0.0,0.0,500000.0
"Energy, Energy Storage, Infrastructure",1041000.0,0.0,0.0,0.0
"Energy, Environmental Consulting, Renewable Energy, Solar",1500000.0,0.0,0.0,0.0
"Energy, Natural Resources",365000000.0,0.0,0.0,0.0
"Energy, Renewable Energy, Solar",185000000.0,0.0,0.0,0.0
"Energy, Solar",24000000.0,0.0,0.0,0.0
"Enterprise Resource Planning (ERP), Information Services, Information Technology, Real Estate",3000000.0,0.0,0.0,0.0
Entertainment,0.0,0.0,140692000.0,3000000.0
"Environmental Consulting, Renewable Energy",199200.0,0.0,0.0,0.0
Equity Management,0.0,0.0,0.0,3000000.0
Events,1500000.0,0.0,0.0,0.0
Eyewear,0.0,0.0,0.0,2000000.0
FM,0.0,0.0,5000000.0,0.0
FMCG,0.0,0.0,1000000.0,0.0
"Fantasy Sports, Mobile, Sports",100000000.0,0.0,0.0,0.0
Farming,1000000.0,0.0,0.0,10000000.0
Fashion,996000.0,0.0,2000000.0,3100000.0
Fashion & Lifestyle,0.0,0.0,0.0,100000000.0
Fashion Tech,0.0,0.0,467000.0,0.0
"Fashion, Graphic Design, Wearables",3000000.0,0.0,0.0,0.0
"Fashion, Jewelry",6120000.0,0.0,0.0,0.0
"Fashion, Lifestyle, Rental",3168000.0,0.0,0.0,0.0
"Fashion, Lifestyle, Retail",400000.0,0.0,0.0,0.0
Femtech,0.0,0.0,0.0,6000000.0
Fertility tech,0.0,0.0,200000.0,0.0
FinTech,0.0,0.0,293580000.0,1853530000.0
"FinTech, Internet, Payments, Service Industry",14900000.0,0.0,0.0,0.0
"FinTech, Mobile, Mobile Payments, Payments, Retail Technology",2700000.0,0.0,0.0,0.0
Finance,2800000.0,0.0,5682000.0,500800000.0
Finance company,0.0,0.0,80000000.0,0.0
"Finance, FinTech, Mobile Payments",17200000.0,0.0,0.0,0.0
"Finance, Financial Exchanges, Financial Services, Micro Lending",4800000.0,0.0,0.0,0.0
"Finance, Financial Services",63380000.0,0.0,0.0,0.0
"Finance, Financial Services, FinTech",13200000.0,0.0,0.0,0.0
"Finance, Financial Services, Insurance",1300000.0,0.0,0.0,0.0
"Finance, Financial Services, Marketing",360000.0,0.0,0.0,0.0
"Finance, Financial Services, Small and Medium Businesses",864000.0,0.0,0.0,0.0
"Finance, Impact Investing, Internet",120000.0,0.0,0.0,0.0
"Finance, Impact Investing, Mobile Apps",500000.0,0.0,0.0,0.0
"Finance, Internet, Travel",150000.0,0.0,0.0,0.0
Financial Services,112730000.0,0.0,0.0,973000000.0
"Financial Services, FinTech",2936000.0,0.0,0.0,0.0
"Financial Services, Insurance, Private Social Networking",12000000.0,0.0,0.0,0.0
"Financial Services, Lending",10130000.0,0.0,0.0,0.0
"Financial Services, Lending, Peer to Peer",480000.0,0.0,0.0,0.0
"Financial Services, Micro Lending",28000000.0,0.0,0.0,0.0
"Financial Services, SaaS, Security",2400000.0,0.0,0.0,0.0
"Financial Services, Venture Capital",184704000.0,0.0,0.0,0.0
Fintech,0.0,30000000.0,295188000.0,0.0
Fishery,0.0,0.0,0.0,4000000.0
Fitness,0.0,0.0,400000.0,1800000.0
Fitness startup,0.0,0.0,3100000.0,0.0
"Fitness, Health Care, Wellness",7000000.0,0.0,0.0,0.0
Food,0.0,55000000.0,2700000.0,500000.0
Food & Bevarages,0.0,0.0,4400000.0,0.0
Food & Beverages,0.0,0.0,0.0,327090000.0
Food & Logistics,0.0,0.0,2300000.0,0.0
Food & Nutrition,0.0,400000.0,0.0,0.0
Food & tech,0.0,6000000.0,0.0,0.0
"Food Delivery, Food Processing, Internet",1000000000.0,0.0,0.0,0.0
"Food Delivery, Hospitality, Reservations, Restaurants, Search Engine",210000000.0,0.0,0.0,0.0
"Food Delivery, Online Portals, Restaurants",720000.0,0.0,0.0,0.0
"Food Delivery, Organic, Organic Food",2200000.0,0.0,0.0,0.0
Food Industry,0.0,0.0,17000000.0,0.0
Food Processing,600000.0,0.0,0.0,0.0
Food Production,0.0,0.0,0.0,2500000.0
Food and Beverage,420000.0,0.0,0.0,0.0
"Food and Beverage, Food Delivery",432000.0,0.0,0.0,0.0
"Food and Beverage, Food Delivery, Internet",7500.0,0.0,0.0,0.0
"Food and Beverage, Food Delivery, Snack Food",4000000.0,0.0,0.0,0.0
"Food and Beverage, Food Processing",912000.0,0.0,0.0,0.0
"Food and Beverage, Food Processing, Manufacturing",16800000.0,0.0,0.0,0.0
"Food and Beverage, Food Processing, Organic Food, Snack Food",240000.0,0.0,0.0,0.0
"Food and Beverage, Restaurants, Tea",9720000.0,0.0,0.0,0.0
"Food and Beverage, Snack Food",500000.0,0.0,0.0,0.0
"Food and Beverage, Snack Food, Tea",150000.0,0.0,0.0,0.0
"Food and Beverage, Tea",240000.0,0.0,0.0,0.0
Food and Beverages,0.0,0.0,25000000.0,14300000.0
Food tech,0.0,0.0,26500000.0,0.0
FoodTech,0.0,0.0,100000.0,0.0
Foodtech,0.0,132000000.0,167327300.0,0.0
Foootwear,0.0,0.0,0.0,1100000.0
"Funding Platform, Incubators, Non Profit",1230000.0,0.0,0.0,0.0
Furniture,0.0,0.0,0.0,20200000.0
Gaming,0.0,0.0,26250000.0,85400000.0
Gaming startup,0.0,0.0,1000000.0,0.0
"Gaming, iOS, Sports",5000000.0,0.0,0.0,0.0
"Government, Information Technology, Software",100000.0,0.0,0.0,0.0
HR Tech,0.0,0.0,40000.0,3300000.0
HR Tech startup,0.0,0.0,1500000.0,0.0
HR tech,0.0,140500.0,0.0,0.0
Hauz Khas,0.0,0.0,0.0,461000.0
Healtcare,0.0,0.0,0.0,300000.0
Health,0.0,0.0,0.0,25500000.0
Health Care,408000.0,0.0,0.0,0.0
"Health Care, Health Diagnostics, Internet of Things, Life Science, Machine Learning, Medical, Medical Device",1000000.0,0.0,0.0,0.0
"Health Care, Health Diagnostics, Predictive Analytics",4000000.0,0.0,0.0,0.0
"Health Care, Health Insurance",50000000.0,0.0,0.0,0.0
"Health Care, Hospital",12684000.0,0.0,0.0,0.0
"Health Care, Hospital, Medical",3000000.0,0.0,0.0,0.0
"Health Care, Hospital, Medical, Robotics",70000.0,0.0,0.0,0.0
"Health Care, Hospital, Supply Chain Management",300000.0,0.0,0.0,0.0
"Health Care, Hospital, Wellness",5000000.0,0.0,0.0,0.0
"Health Care, Information Technology",143145.0,0.0,0.0,0.0
"Health Care, Information Technology, Management Information Systems",1100000.0,0.0,0.0,0.0
"Health Care, Medical",180000.0,0.0,0.0,0.0
"Health Care, Medical Device, Mobile Apps",175000.0,0.0,0.0,0.0
"Health Care, Medical, Pharmaceutical",500000.0,0.0,0.0,0.0
"Health Care, Pharmaceutical, Wellness",80000000.0,0.0,0.0,0.0
Health Diagnostics,600000.0,0.0,0.0,0.0
"Health Insurance, Insurance, Life Insurance",210000000.0,0.0,0.0,0.0
Health and Fitness,0.0,0.0,115000000.0,0.0
Health care,0.0,0.0,0.0,1500000.0
"Health, Wellness & Fitness",0.0,0.0,0.0,205900000.0
HealthCare,0.0,0.0,8000000.0,49300000.0
HealthTech,0.0,0.0,4800000.0,469550000.0
Healthcare,0.0,12000000.0,1200000.0,128030000.0
Healthcare/Edtech,0.0,0.0,2800000.0,0.0
Healthtech,0.0,220000.0,80330400.0,79500000.0
HeathTech,0.0,0.0,3000000.0,0.0
Heathcare,0.0,0.0,0.0,18000000.0
Helathcare,0.0,0.0,0.0,800000.0
Higher Education,0.0,0.0,0.0,400000.0
"Home Decor, Home Improvement, Home Renovation, Home Services, Interior Design, Smart Home",24000000.0,0.0,0.0,0.0
"Home Decor, Interior Design",4200000.0,0.0,0.0,0.0
Home Design,0.0,0.0,9000000.0,0.0
Home interior services,0.0,0.0,8000000.0,0.0
Home services,0.0,0.0,0.0,250000000.0
Hospital & Health Care,0.0,0.0,0.0,181300000.0
Hospitality,60000.0,693000000.0,1030000.0,34800000.0
"Hospitality, Hotel, Leisure, Travel",100000000.0,0.0,0.0,0.0
"Hospitality, Information Technology, Travel Accommodations",8760000.0,0.0,0.0,0.0
"Hospitality, Real Estate",2000000.0,0.0,0.0,0.0
Human Resources,120000.0,0.0,0.0,72200000.0
"Human Resources, Security, Training",3000000.0,0.0,0.0,0.0
IT,0.0,0.0,22110000.0,100000.0
IT startup,0.0,0.0,0.0,7600000.0
Industrial Automation,0.0,0.0,0.0,21000000.0
"Industrial Automation, Logistics, Supply Chain Management",5000000.0,0.0,0.0,0.0
"Industrial, Industrial Automation",144000.0,0.0,0.0,0.0
Information Services,0.0,0.0,0.0,5700000.0
"Information Services, Information Technology",125000.0,0.0,0.0,0.0
"Information Services, Information Technology, Mobile, Software",2000000.0,0.0,0.0,0.0
"Information Services, Internet, Logistics, Supply Chain Management, Transportation",24355200.0,0.0,0.0,0.0
Information Technology,4100000.0,0.0,0.0,8940000.0
Information Technology & Services,0.0,0.0,0.0,499200000.0
"Information Technology, Logistics, Supply Chain Management",650000.0,0.0,0.0,0.0
"Information Technology, Mobile, News, Operating Systems, Social Media, Social News",6000000.0,0.0,0.0,0.0
"Information Technology, SaaS, Security",1680000.0,0.0,0.0,0.0
Infratech,0.0,20000000.0,0.0,0.0
Innovation Management,0.0,0.0,0.0,1000000000.0
Innovation management,0.0,0.0,0.0,500000.0
Insurance,743000000.0,0.0,0.0,272225000.0
Insurance Tech,0.0,0.0,1050000.0,0.0
Insurance technology,0.0,5500000.0,0.0,0.0
InsureTech,0.0,0.0,0.0,50000000.0
Insuretech,0.0,0.0,0.0,52500000.0
Interior & decor,0.0,0.0,100000.0,0.0
Interior Design,0.0,0.0,64000000.0,50000000.0
Interior design,0.0,30000000.0,1000000.0,0.0
Internet,150000.0,0.0,0.0,2400000.0
"Internet of Things, Robotics",1100000.0,0.0,0.0,0.0
"Internet of Things, Telecommunications",240000.0,0.0,0.0,0.0
"Internet of Things, Waste Management",6000.0,0.0,0.0,0.0
"Internet, Knowledge Management",1500000.0,0.0,0.0,0.0
"Internet, Leisure, Marketplace",192000.0,0.0,0.0,0.0
"Internet, Mobile Apps, Social Network",99230000.0,0.0,0.0,0.0
"Internet, Social Entrepreneurship",16800.0,0.0,0.0,0.0
"Internet, Social Network, TV",10000000.0,0.0,0.0,0.0
"Internet, Social News, Sports",500000.0,0.0,0.0,0.0
Investment,0.0,0.0,887000.0,0.0
Investment Management,0.0,0.0,0.0,7000000.0
IoT,0.0,140000.0,248000.0,500000.0
IoT startup,0.0,0.0,5100000.0,0.0
Jewellery,0.0,1000000.0,8090000.0,0.0
Job discovery platform,0.0,0.0,0.0,140000.0
Job portal,0.0,0.0,8000000.0,0.0
"Last Mile Transportation, Railroad, Transportation, Travel",960000.0,0.0,0.0,0.0
Legal tech,0.0,100000.0,0.0,0.0
LegalTech,0.0,0.0,1000000.0,0.0
Logistics,0.0,116000000.0,23774000.0,414000000.0
Logistics & Supply Chain,0.0,0.0,0.0,327270000.0
"Logistics, Railroad, Transportation",4800000.0,0.0,0.0,0.0
"Logistics, Supply Chain Management",2000000.0,0.0,0.0,0.0
"Logistics, Transportation, Travel",12000000.0,0.0,0.0,0.0
Logitech,0.0,0.0,9000000.0,0.0
MLOps platform,0.0,0.0,0.0,1000000.0
Management Consulting,0.0,0.0,0.0,1500000.0
"Manchester, Greater Manchester",0.0,0.0,0.0,75000000.0
Manufacturing,19200000.0,32000000.0,11370000.0,0.0
Manufacturing startup,0.0,0.0,0.0,1500000.0
"Manufacturing, Oil and Gas, Robotics",1682400.0,0.0,0.0,0.0
"Manufacturing, Retail",7800000.0,0.0,0.0,0.0
MarTech,0.0,0.0,0.0,1000000.0
Maritime,0.0,0.0,0.0,1600000.0
Market Research,600000.0,0.0,0.0,0.0
Marketing,0.0,0.0,0.0,200000.0
Marketing & Advertising,0.0,0.0,0.0,12000000.0
Marketing & Customer loyalty,0.0,1000000.0,0.0,0.0
Marketing company,0.0,0.0,700000.0,0.0
"Marketing, Social Media, Video",240000.0,0.0,0.0,0.0
Marketplace,0.0,0.0,51000000.0,0.0
"Marketplace, Real Estate, Rental Property",120000.0,0.0,0.0,0.0
Matrimony,0.0,0.0,0.0,3000000.0
Media,0.0,0.0,16500000.0,1000000.0
"Media and Entertainment, News, Outdoors",480000.0,0.0,0.0,0.0
Medical,1500000.0,0.0,0.0,0.0
"Medical, Tourism",1500000.0,0.0,0.0,0.0
Medtech,0.0,0.0,1700000.0,0.0
Merchandise,0.0,0.0,0.0,300000.0
Milk startup,0.0,0.0,0.0,100000.0
Mobile,500000.0,0.0,0.0,0.0
Mobile Games,0.0,0.0,0.0,1100000.0
Mobile Payments,200000.0,0.0,0.0,0.0
"Mobile, Mobile Apps, Personalization, Test and Measurement, Web Apps",4000000.0,0.0,0.0,0.0
"Mobile, Software, Travel",14400.0,0.0,0.0,0.0
Mobility,0.0,0.0,0.0,45540000.0
Mobility/Transport,0.0,0.0,3300000.0,0.0
Music,0.0,0.0,0.0,2250000.0
Mutual Funds,0.0,600000.0,0.0,0.0
NFT,0.0,0.0,0.0,4000000.0
Nanotechnology,360000.0,0.0,0.0,0.0
Networking,0.0,0.0,0.0,620000.0
OTT,0.0,0.0,0.0,22000000.0
Oil & Energy,0.0,0.0,0.0,100000.0
"Online Games, Software",3360000.0,0.0,0.0,0.0
Online Media,0.0,0.0,0.0,6700000.0
"Online Portals, Property Management, Rental",750000.0,0.0,0.0,0.0
PaaS startup,0.0,0.0,2000000.0,0.0
Personal care startup,0.0,0.0,2900000.0,0.0
Pet care,0.0,0.0,0.0,39600000.0
Pharmaceutical,0.0,15500000.0,0.0,0.0
Preschool Daycare,0.0,0.0,507000.0,0.0
Product studio,0.0,0.0,0.0,10000000.0
Professional Training & Coaching,0.0,0.0,0.0,8000000.0
Proptech,0.0,0.0,1500000.0,0.0
Publication,0.0,0.0,1400000.0,0.0
Reading Apps,300000.0,0.0,0.0,0.0
Real Estate,0.0,0.0,20000000.0,10600000.0
Real estate,0.0,0.0,0.0,350000.0
Recruitment,0.0,0.0,0.0,100200000.0
Recruitment startup,0.0,0.0,1000000.0,0.0
Renewable Energy,0.0,0.0,0.0,21500000.0
Renewables & Environment,0.0,0.0,0.0,7000000.0
Rental,1200000.0,0.0,0.0,1700000.0
"Rental, Taxi Service, Travel",840000.0,0.0,0.0,0.0
Retail,37680000.0,0.0,231900000.0,111100000.0
Retail Tech,0.0,0.0,7500000.0,0.0
Retail startup,0.0,0.0,900000.0,0.0
Robotics & AI,0.0,230000000.0,0.0,0.0
SaaS,0.0,25000000.0,420500000.0,17000000.0
SaaS platform,0.0,0.0,100600000.0,0.0
SaaS startup,0.0,0.0,84900000.0,214000000.0
Sales and Distribution,0.0,0.0,0.0,1000000.0
Search Engine,1000000.0,0.0,0.0,0.0
Service industry,0.0,0.0,23000000.0,0.0
Skill development,0.0,0.0,0.0,1000000.0
Social Media,0.0,2000000.0,0.0,30000000.0
Social audio,0.0,0.0,0.0,3000000.0
Social commerce,0.0,0.0,0.0,47900000.0
Social e-commerce,0.0,0.0,15000000.0,0.0
Social media,0.0,0.0,40000000.0,266000000.0
Social network,0.0,0.0,0.0,32000000.0
Social platform,0.0,0.0,0.0,800000.0
Software,1200000.0,0.0,0.0,1800000.0
Software Company,0.0,0.0,25000000.0,0.0
Software Startup,0.0,0.0,0.0,155000000.0
Software company,0.0,0.0,15000000.0,200000.0
"Software, Virtual Reality",1450000.0,0.0,0.0,0.0
Soil-Tech,0.0,0.0,1000000.0,0.0
Solar,0.0,0.0,0.0,4400000.0
Solar SaaS,0.0,0.0,5000000.0,0.0
SpaceTech,0.0,0.0,5000000.0,20800000.0
Spiritual,0.0,0.0,0.0,4000000.0
Sports,540000.0,0.0,0.0,0.0
Sports startup,0.0,0.0,0.0,400000.0
SportsTech,0.0,0.0,0.0,2500000.0
Staffing & Recruiting,0.0,0.0,0.0,3000000.0
Supply chain platform,0.0,0.0,0.0,3000000.0
"Supply chain, Agritech",0.0,0.0,5900000.0,0.0
TaaS startup,0.0,0.0,0.0,250000.0
Tech,0.0,0.0,103618000.0,0.0
Tech Startup,0.0,0.0,32000000.0,153250000.0
Tech company,0.0,0.0,9500000.0,0.0
Tech platform,0.0,0.0,10000000.0,0.0
Tech startup,0.0,0.0,0.0,28400000.0
Technology,0.0,52000000.0,8500000.0,0.0
Telecommunications,0.0,0.0,0.0,40000000.0
Textiles,0.0,0.0,0.0,570000.0
Tourism,0.0,0.0,0.0,1000000.0
"Tourism, Travel",2400000.0,0.0,0.0,0.0
Trading Platform,300000.0,0.0,0.0,0.0
Trading platform,0.0,0.0,0.0,2000000.0
Training,500000.0,0.0,0.0,0.0
Translation & Localization,0.0,0.0,0.0,600000.0
Transport,0.0,0.0,16618700.0,0.0
Transport & Rentals,0.0,4800000.0,30000000.0,0.0
Transportation,0.0,311000000.0,12000000.0,48000000.0
Travel,3000000.0,49400000.0,0.0,0.0
Unknown,0.0,137000000.0,9649600.0,0.0
Vehicle repair startup,0.0,0.0,0.0,1000000.0
Veterinary,114000.0,0.0,0.0,5500000.0
Video,0.0,0.0,15000000.0,0.0
Video communication,0.0,0.0,0.0,3000000.0
Video personalization,0.0,0.0,4000000.0,0.0
Virtual Banking,0.0,2100000.0,0.0,0.0
WL & RAC protection,0.0,0.0,900000.0,0.0
Water purification,0.0,0.0,0.0,1600000.0
Wealth Management,150000.0,0.0,0.0,0.0
Wellness,316800.0,0.0,0.0,0.0
Wholesale,0.0,0.0,0.0,3500000.0
Yoga & wellness,0.0,2800000.0,0.0,0.0
"eSports, Gaming, Video Games",480000.0,0.0,0.0,0.0
sports,0.0,0.0,0.0,2400000.0
—,51160400.0,0.0,0.0,0.0
